{
	"tags": null,
	"rotation": [
		0,
		-3.1133726541691393,
		0
	],
	"speed": 2,
	"position": [
		4.253889083862305,
		59.26951599121094,
		99.99988555908203
	],
	"upVector": [
		0,
		1,
		0
	],
	"fov": 0.8,
	"projectionPlaneTilt": 0,
	"minZ": 1,
	"maxZ": 10000,
	"inertia": 0.9,
	"mode": 0,
	"layerMask": 268435455,
	"fovMode": 0,
	"cameraRigMode": 0,
	"name": "New Target Camera",
	"id": "be2862cc-a372-4484-bd97-1beb9a972324",
	"state": "",
	"metadata": {
		"script": {
			"name": "None"
		}
	},
	"uniqueId": 417,
	"type": "TargetCamera",
	"parentId": "12fcc2b4-297c-4ea8-959b-69b17a6633b6",
	"animations": [],
	"ranges": [],
	"isEnabled": true
}