{
	"tags": null,
	"position": [
		-2.4196197045966983e-8,
		0.7562101483345032,
		0.0000018314824501430849
	],
	"rotation": [
		0,
		0,
		0
	],
	"rotationQuaternion": [
		-0.00001894655724754557,
		-4.135181086439843e-7,
		0.000004733442892757012,
		1
	],
	"scaling": [
		1,
		0.9999999403953552,
		1
	],
	"billboardMode": 0,
	"scalingDeterminant": 1,
	"infiniteDistance": false,
	"ignoreNonUniformScaling": false,
	"reIntegrateRotationIntoRotationQuaternion": false,
	"name": "mixamorig:RightHandRing3",
	"id": "0e2b94af-748f-440f-8307-9566ec0be26b",
	"state": "",
	"metadata": {},
	"type": "TransformNode",
	"uniqueId": 16549,
	"parentId": "a1221ea3-65f7-4008-95d9-2c51a3358745",
	"localMatrix": {
		"0": 1,
		"1": 0,
		"2": 0,
		"3": 0,
		"4": 0,
		"5": 1,
		"6": 0,
		"7": 0,
		"8": 0,
		"9": 0,
		"10": 1,
		"11": 0,
		"12": 0,
		"13": 0,
		"14": 0,
		"15": 1
	},
	"isEnabled": true
}