{
	"tags": null,
	"position": [
		-0.7460601925849915,
		4.379985332489014,
		-0.007530746981501579
	],
	"rotation": [
		0,
		0,
		0
	],
	"rotationQuaternion": [
		-1.763334216055984e-14,
		-1.1920931797249068e-7,
		-1.4668330550193787e-7,
		1
	],
	"scaling": [
		1,
		1,
		1
	],
	"billboardMode": 0,
	"scalingDeterminant": 1,
	"infiniteDistance": false,
	"ignoreNonUniformScaling": false,
	"reIntegrateRotationIntoRotationQuaternion": false,
	"name": "mixamorig:RightHandRing1",
	"id": "15913b3a-d71d-44c9-94af-ef4815852990",
	"state": "",
	"metadata": {},
	"type": "TransformNode",
	"uniqueId": 16381,
	"parentId": "16e532b9-4bca-4d4e-903f-21e3953b7bb9",
	"localMatrix": {
		"0": 1,
		"1": 0,
		"2": 0,
		"3": 0,
		"4": 0,
		"5": 1,
		"6": 0,
		"7": 0,
		"8": 0,
		"9": 0,
		"10": 1,
		"11": 0,
		"12": 0,
		"13": 0,
		"14": 0,
		"15": 1
	},
	"isEnabled": true
}