{
	"tags": null,
	"position": [
		-2.7601125240325928,
		4.066089153289795,
		-0.4958965480327606
	],
	"rotation": [
		0,
		0,
		0
	],
	"rotationQuaternion": [
		0.6001186966896057,
		-0.37397560477256775,
		0.6357824206352234,
		0.3094843327999115
	],
	"scaling": [
		0.9999998211860657,
		0.9999998211860657,
		0.9999998211860657
	],
	"billboardMode": 0,
	"scalingDeterminant": 1,
	"infiniteDistance": false,
	"ignoreNonUniformScaling": false,
	"reIntegrateRotationIntoRotationQuaternion": false,
	"name": "mixamorig:RightShoulder",
	"id": "a8e62540-e3de-4cc2-bafa-479ddcab0c20",
	"state": "",
	"metadata": {},
	"type": "TransformNode",
	"uniqueId": 16531,
	"parentId": "14426df3-8a70-4b53-9fa7-845e6f7b32ac",
	"localMatrix": {
		"0": 1,
		"1": 0,
		"2": 0,
		"3": 0,
		"4": 0,
		"5": 1,
		"6": 0,
		"7": 0,
		"8": 0,
		"9": 0,
		"10": 1,
		"11": 0,
		"12": 0,
		"13": 0,
		"14": 0,
		"15": 1
	},
	"isEnabled": true
}