{
	"tags": null,
	"position": [
		4.232788342051208e-8,
		0.9722360968589783,
		8.12886469248042e-7
	],
	"rotation": [
		0,
		0,
		0
	],
	"rotationQuaternion": [
		0.000001961802126970724,
		6.192552604034063e-8,
		0.00002895342549891211,
		1
	],
	"scaling": [
		0.9999999403953552,
		0.9999999403953552,
		0.9999999403953552
	],
	"billboardMode": 0,
	"scalingDeterminant": 1,
	"infiniteDistance": false,
	"ignoreNonUniformScaling": false,
	"reIntegrateRotationIntoRotationQuaternion": false,
	"name": "mixamorig:LeftHandMiddle2",
	"id": "113f7953-f37c-4529-aea8-106868a660ec",
	"state": "",
	"metadata": {},
	"type": "TransformNode",
	"uniqueId": 16354,
	"parentId": "1ae03254-610a-49d7-9f2b-c68065a7210f",
	"localMatrix": {
		"0": 1,
		"1": 0,
		"2": 0,
		"3": 0,
		"4": 0,
		"5": 1,
		"6": 0,
		"7": 0,
		"8": 0,
		"9": 0,
		"10": 1,
		"11": 0,
		"12": 0,
		"13": 0,
		"14": 0,
		"15": 1
	},
	"isEnabled": true
}