{
	"tags": null,
	"position": [
		0.037530869245529175,
		5.671302318572998,
		-0.8499175310134888
	],
	"rotation": [
		0,
		0,
		0
	],
	"rotationQuaternion": [
		1.7364175418713157e-20,
		-5.3170141900427126e-11,
		5.06098385422149e-10,
		1
	],
	"scaling": [
		1,
		0.9999999403953552,
		1
	],
	"billboardMode": 0,
	"scalingDeterminant": 1,
	"infiniteDistance": false,
	"ignoreNonUniformScaling": false,
	"reIntegrateRotationIntoRotationQuaternion": false,
	"name": "mixamorig:Neck",
	"id": "8b4491de-2bd9-4b2b-b29e-f29ffbb6f67b",
	"state": "",
	"metadata": {},
	"type": "TransformNode",
	"uniqueId": 16504,
	"parentId": "14426df3-8a70-4b53-9fa7-845e6f7b32ac",
	"localMatrix": {
		"0": 1,
		"1": 0,
		"2": 0,
		"3": 0,
		"4": 0,
		"5": 1,
		"6": 0,
		"7": 0,
		"8": 0,
		"9": 0,
		"10": 1,
		"11": 0,
		"12": 0,
		"13": 0,
		"14": 0,
		"15": 1
	},
	"isEnabled": true
}