{
	"tags": null,
	"position": [
		8.667120710015297e-8,
		0.6872682571411133,
		9.957889233191963e-7
	],
	"rotation": [
		0,
		0,
		0
	],
	"rotationQuaternion": [
		-0.000001983793936233269,
		7.958922765283205e-8,
		2.5425069338780304e-7,
		1
	],
	"scaling": [
		1,
		1,
		0.9999999403953552
	],
	"billboardMode": 0,
	"scalingDeterminant": 1,
	"infiniteDistance": false,
	"ignoreNonUniformScaling": false,
	"reIntegrateRotationIntoRotationQuaternion": false,
	"name": "mixamorig:LeftHandRing3",
	"id": "fa3d2f73-5cf5-4e42-9e95-cddb575206af",
	"state": "",
	"metadata": {},
	"type": "TransformNode",
	"uniqueId": 16525,
	"parentId": "ee84f2d3-6fb1-4f67-abd9-3b03cdc00e59",
	"localMatrix": {
		"0": 1,
		"1": 0,
		"2": 0,
		"3": 0,
		"4": 0,
		"5": 1,
		"6": 0,
		"7": 0,
		"8": 0,
		"9": 0,
		"10": 1,
		"11": 0,
		"12": 0,
		"13": 0,
		"14": 0,
		"15": 1
	},
	"isEnabled": true
}