{
	"tags": null,
	"position": [
		-2.7587702788878232e-8,
		8.254602432250977,
		0.000005683822564606089
	],
	"rotation": [
		0,
		0,
		0
	],
	"rotationQuaternion": [
		-2.310649591663605e-7,
		1.2249452652213222e-7,
		2.8405311880419504e-8,
		1
	],
	"scaling": [
		1,
		0.9999999403953552,
		1
	],
	"billboardMode": 0,
	"scalingDeterminant": 1,
	"infiniteDistance": false,
	"ignoreNonUniformScaling": false,
	"reIntegrateRotationIntoRotationQuaternion": false,
	"name": "mixamorig:RightHand",
	"id": "e6672539-2e57-45e6-92b5-3b22b7815b20",
	"state": "",
	"metadata": {},
	"type": "TransformNode",
	"uniqueId": 16534,
	"parentId": "3acbc8fa-4d7c-4677-a26b-94800285a33b",
	"localMatrix": {
		"0": 1,
		"1": 0,
		"2": 0,
		"3": 0,
		"4": 0,
		"5": 1,
		"6": 0,
		"7": 0,
		"8": 0,
		"9": 0,
		"10": 1,
		"11": 0,
		"12": 0,
		"13": 0,
		"14": 0,
		"15": 1
	},
	"isEnabled": true
}