{
	"tags": null,
	"position": [
		-5.148718855707557e-7,
		7.900007724761963,
		-2.4199388803936017e-7
	],
	"rotation": [
		0,
		0,
		0
	],
	"rotationQuaternion": [
		-0.013519152998924255,
		-3.115501745476479e-10,
		-3.8068298513493914e-10,
		0.9999086260795593
	],
	"scaling": [
		1,
		1,
		0.9999999403953552
	],
	"billboardMode": 0,
	"scalingDeterminant": 1,
	"infiniteDistance": false,
	"ignoreNonUniformScaling": false,
	"reIntegrateRotationIntoRotationQuaternion": false,
	"name": "mixamorig:Cloak2",
	"id": "43da3904-2a63-459c-9b5c-0cb3d1fa873a",
	"state": "",
	"metadata": {},
	"type": "TransformNode",
	"uniqueId": 16390,
	"parentId": "85b1209e-4e91-49fc-927d-4fc24fb926ea",
	"localMatrix": {
		"0": 1,
		"1": 0,
		"2": 0,
		"3": 0,
		"4": 0,
		"5": 1,
		"6": 0,
		"7": 0,
		"8": 0,
		"9": 0,
		"10": 1,
		"11": 0,
		"12": 0,
		"13": 0,
		"14": 0,
		"15": 1
	},
	"isEnabled": true
}