{
	"tags": null,
	"position": [
		1.4901161193847656e-7,
		2.782318592071533,
		-7.697786941207596e-7
	],
	"rotation": [
		0,
		0,
		0
	],
	"rotationQuaternion": [
		-0.276220440864563,
		0.014413675293326378,
		-0.05007776618003845,
		0.9596805572509766
	],
	"scaling": [
		1,
		0.9999999403953552,
		1.0000001192092896
	],
	"billboardMode": 0,
	"scalingDeterminant": 1,
	"infiniteDistance": false,
	"ignoreNonUniformScaling": false,
	"reIntegrateRotationIntoRotationQuaternion": false,
	"name": "mixamorig:RightArm",
	"id": "489059d8-4c17-4ec1-b401-bbc90dc123e1",
	"state": "",
	"metadata": {},
	"type": "TransformNode",
	"uniqueId": 16366,
	"parentId": "41080726-f6c0-4178-b9cd-ab4b67ebdd3c",
	"localMatrix": {
		"0": 1,
		"1": 0,
		"2": 0,
		"3": 0,
		"4": 0,
		"5": 1,
		"6": 0,
		"7": 0,
		"8": 0,
		"9": 0,
		"10": 1,
		"11": 0,
		"12": 0,
		"13": 0,
		"14": 0,
		"15": 1
	},
	"isEnabled": true
}