{
	"tags": null,
	"position": [
		-1.5142254028432944e-7,
		1.0766748189926147,
		-0.000002005456508413772
	],
	"rotation": [
		0,
		0,
		0
	],
	"rotationQuaternion": [
		0.0000017715167359710904,
		-1.0462799338029072e-7,
		-1.1036212299586623e-7,
		1
	],
	"scaling": [
		1,
		0.9999999403953552,
		1
	],
	"billboardMode": 0,
	"scalingDeterminant": 1,
	"infiniteDistance": false,
	"ignoreNonUniformScaling": false,
	"reIntegrateRotationIntoRotationQuaternion": false,
	"name": "mixamorig:RightHandRing4",
	"id": "2ba04692-0380-47ac-a6a9-7af75fe21279",
	"state": "",
	"metadata": {},
	"type": "TransformNode",
	"uniqueId": 16384,
	"parentId": "914e8a4d-58bf-4069-8155-f3c30230b6f0",
	"localMatrix": {
		"0": 1,
		"1": 0,
		"2": 0,
		"3": 0,
		"4": 0,
		"5": 1,
		"6": 0,
		"7": 0,
		"8": 0,
		"9": 0,
		"10": 1,
		"11": 0,
		"12": 0,
		"13": 0,
		"14": 0,
		"15": 1
	},
	"isEnabled": true
}