{
	"tags": null,
	"position": [
		4.838511813431978e-8,
		0.528634786605835,
		-0.000001354414052912034
	],
	"rotation": [
		0,
		0,
		0
	],
	"rotationQuaternion": [
		0.0000036080639347346732,
		-0.0000010967874004563782,
		-9.317873264080845e-7,
		1
	],
	"scaling": [
		1,
		1,
		1
	],
	"billboardMode": 0,
	"scalingDeterminant": 1,
	"infiniteDistance": false,
	"ignoreNonUniformScaling": false,
	"reIntegrateRotationIntoRotationQuaternion": false,
	"name": "mixamorig:RightHandPinky3",
	"id": "93615e50-cc18-414d-9821-c62bc0ad8dc2",
	"state": "",
	"metadata": {},
	"type": "TransformNode",
	"uniqueId": 16387,
	"parentId": "e4aeb76a-9933-449c-b1fc-e9ec4ae90e9a",
	"localMatrix": {
		"0": 1,
		"1": 0,
		"2": 0,
		"3": 0,
		"4": 0,
		"5": 1,
		"6": 0,
		"7": 0,
		"8": 0,
		"9": 0,
		"10": 1,
		"11": 0,
		"12": 0,
		"13": 0,
		"14": 0,
		"15": 1
	},
	"isEnabled": true
}