{
	"tags": null,
	"position": [
		-1.1920928955078125e-7,
		3.9983296394348145,
		3.9068982005119324e-7
	],
	"rotation": [
		0,
		0,
		0
	],
	"rotationQuaternion": [
		0.05191095173358917,
		-0.09015361964702606,
		-0.00118930428288877,
		0.9945733547210693
	],
	"scaling": [
		1,
		0.9999999403953552,
		0.9999999403953552
	],
	"billboardMode": 0,
	"scalingDeterminant": 1,
	"infiniteDistance": false,
	"ignoreNonUniformScaling": false,
	"reIntegrateRotationIntoRotationQuaternion": false,
	"name": "mixamorig:Hair5",
	"id": "3ae9c79d-2f9e-4d11-bcdc-ce77ce347f55",
	"state": "",
	"metadata": {},
	"type": "TransformNode",
	"uniqueId": 16397,
	"parentId": "37670db7-6edc-42cc-b6bf-ef9421b4746c",
	"localMatrix": {
		"0": 1,
		"1": 0,
		"2": 0,
		"3": 0,
		"4": 0,
		"5": 1,
		"6": 0,
		"7": 0,
		"8": 0,
		"9": 0,
		"10": 1,
		"11": 0,
		"12": 0,
		"13": 0,
		"14": 0,
		"15": 1
	},
	"isEnabled": true
}