{
	"tags": null,
	"position": [
		0.000009766990842763335,
		16.165998458862305,
		-2.2821882339485455e-7
	],
	"rotation": [
		0,
		0,
		0
	],
	"rotationQuaternion": [
		0.2947409749031067,
		-7.996371209628705e-7,
		4.721164827969915e-7,
		0.9555771946907043
	],
	"scaling": [
		1,
		0.9999999403953552,
		0.9999999403953552
	],
	"billboardMode": 0,
	"scalingDeterminant": 1,
	"infiniteDistance": false,
	"ignoreNonUniformScaling": false,
	"reIntegrateRotationIntoRotationQuaternion": false,
	"name": "mixamorig:RightFoot",
	"id": "121e6b78-05c7-4b51-b7d2-5510a8710741",
	"state": "",
	"metadata": {},
	"type": "TransformNode",
	"uniqueId": 16407,
	"parentId": "95736adf-2a99-4500-a9d8-ddecacd2e60c",
	"localMatrix": {
		"0": 1,
		"1": 0,
		"2": 0,
		"3": 0,
		"4": 0,
		"5": 1,
		"6": 0,
		"7": 0,
		"8": 0,
		"9": 0,
		"10": 1,
		"11": 0,
		"12": 0,
		"13": 0,
		"14": 0,
		"15": 1
	},
	"isEnabled": true
}