{
	"tags": null,
	"position": [
		1.7881393432617188e-7,
		3.2130722999572754,
		1.4901161193847656e-8
	],
	"rotation": [
		0,
		0,
		0
	],
	"rotationQuaternion": [
		1.577427752863514e-7,
		-0.000012087809409422334,
		3.5390260677559127e-7,
		1
	],
	"scaling": [
		0.9999999403953552,
		0.9999999403953552,
		0.9999999403953552
	],
	"billboardMode": 0,
	"scalingDeterminant": 1,
	"infiniteDistance": false,
	"ignoreNonUniformScaling": false,
	"reIntegrateRotationIntoRotationQuaternion": false,
	"name": "mixamorig:Hair_End",
	"id": "e4f62895-3a7a-425b-9b76-1ab829a83372",
	"state": "",
	"metadata": {},
	"type": "TransformNode",
	"uniqueId": 16565,
	"parentId": "0f4be654-0f9c-49ed-9cc5-27fa5ff82fea",
	"localMatrix": {
		"0": 1,
		"1": 0,
		"2": 0,
		"3": 0,
		"4": 0,
		"5": 1,
		"6": 0,
		"7": 0,
		"8": 0,
		"9": 0,
		"10": 1,
		"11": 0,
		"12": 0,
		"13": 0,
		"14": 0,
		"15": 1
	},
	"isEnabled": true
}