{
	"tags": null,
	"position": [
		-0.0000016987323760986328,
		1.3188517093658447,
		-0.0000022277235984802246
	],
	"rotation": [
		0,
		0,
		0
	],
	"rotationQuaternion": [
		-0.000008128583431243896,
		4.256144165992737e-7,
		0.000010029878467321396,
		1
	],
	"scaling": [
		1,
		1,
		1
	],
	"billboardMode": 0,
	"scalingDeterminant": 1,
	"infiniteDistance": false,
	"ignoreNonUniformScaling": false,
	"reIntegrateRotationIntoRotationQuaternion": false,
	"name": "mixamorig:RightHandThumb3",
	"id": "e887f3bf-336d-4970-85c5-612dab2be383",
	"state": "",
	"metadata": {},
	"type": "TransformNode",
	"uniqueId": 16371,
	"parentId": "d3c9e7b5-d569-4bfa-b7d5-100799945f34",
	"localMatrix": {
		"0": 1,
		"1": 0,
		"2": 0,
		"3": 0,
		"4": 0,
		"5": 1,
		"6": 0,
		"7": 0,
		"8": 0,
		"9": 0,
		"10": 1,
		"11": 0,
		"12": 0,
		"13": 0,
		"14": 0,
		"15": 1
	},
	"isEnabled": true
}