{
	"tags": null,
	"position": [
		-1.4282832694334502e-9,
		8.199995994567871,
		-2.9528024469982483e-10
	],
	"rotation": [
		0,
		0,
		0
	],
	"rotationQuaternion": [
		0.02034650184214115,
		-6.78295805300877e-7,
		1.2405261706760484e-8,
		0.9997929930686951
	],
	"scaling": [
		1,
		1,
		1
	],
	"billboardMode": 0,
	"scalingDeterminant": 1,
	"infiniteDistance": false,
	"ignoreNonUniformScaling": false,
	"reIntegrateRotationIntoRotationQuaternion": false,
	"name": "mixamorig:Cloak3",
	"id": "96ab513c-099d-4fb7-ba68-c2e7e1dfc11a",
	"state": "",
	"metadata": {},
	"type": "TransformNode",
	"uniqueId": 16391,
	"parentId": "43da3904-2a63-459c-9b5c-0cb3d1fa873a",
	"localMatrix": {
		"0": 1,
		"1": 0,
		"2": 0,
		"3": 0,
		"4": 0,
		"5": 1,
		"6": 0,
		"7": 0,
		"8": 0,
		"9": 0,
		"10": 1,
		"11": 0,
		"12": 0,
		"13": 0,
		"14": 0,
		"15": 1
	},
	"isEnabled": true
}