{
	"tags": null,
	"position": [
		-6.556510925292969e-7,
		4.843304634094238,
		-5.066394805908203e-7
	],
	"rotation": [
		0,
		0,
		0
	],
	"rotationQuaternion": [
		-0.2072688192129135,
		0.00523713231086731,
		0.029062172397971153,
		0.9778383374214172
	],
	"scaling": [
		0.9999999403953552,
		0.9999998807907104,
		1
	],
	"billboardMode": 0,
	"scalingDeterminant": 1,
	"infiniteDistance": false,
	"ignoreNonUniformScaling": false,
	"reIntegrateRotationIntoRotationQuaternion": false,
	"name": "mixamorig:Hair3",
	"id": "08bc8b63-09d1-4493-86c9-aa39523e0402",
	"state": "",
	"metadata": {},
	"type": "TransformNode",
	"uniqueId": 16561,
	"parentId": "c0f2463b-29b1-4978-8c34-4dcd26873169",
	"localMatrix": {
		"0": 1,
		"1": 0,
		"2": 0,
		"3": 0,
		"4": 0,
		"5": 1,
		"6": 0,
		"7": 0,
		"8": 0,
		"9": 0,
		"10": 1,
		"11": 0,
		"12": 0,
		"13": 0,
		"14": 0,
		"15": 1
	},
	"isEnabled": true
}