{
	"tags": null,
	"position": [
		-7.152557373046875e-7,
		4.999994277954102,
		4.76837158203125e-7
	],
	"rotation": [
		0,
		0,
		0
	],
	"rotationQuaternion": [
		-0.009307193569839,
		0.00024036543618422002,
		0.025389617308974266,
		0.9996343851089478
	],
	"scaling": [
		1,
		1,
		1
	],
	"billboardMode": 0,
	"scalingDeterminant": 1,
	"infiniteDistance": false,
	"ignoreNonUniformScaling": false,
	"reIntegrateRotationIntoRotationQuaternion": false,
	"name": "mixamorig:Hair4",
	"id": "e9e41917-5dfe-4884-a13f-3231d5c793ea",
	"state": "",
	"metadata": {},
	"type": "TransformNode",
	"uniqueId": 16562,
	"parentId": "08bc8b63-09d1-4493-86c9-aa39523e0402",
	"localMatrix": {
		"0": 1,
		"1": 0,
		"2": 0,
		"3": 0,
		"4": 0,
		"5": 1,
		"6": 0,
		"7": 0,
		"8": 0,
		"9": 0,
		"10": 1,
		"11": 0,
		"12": 0,
		"13": 0,
		"14": 0,
		"15": 1
	},
	"isEnabled": true
}