{
	"tags": null,
	"position": [
		-0.002181376563385129,
		3.479991912841797,
		1.1978989839553833
	],
	"rotation": [
		0,
		0,
		0
	],
	"rotationQuaternion": [
		1.0351566714916771e-8,
		1.0108959502819204e-10,
		-1.2130743631821872e-10,
		1
	],
	"scaling": [
		1,
		0.9999999403953552,
		1
	],
	"billboardMode": 0,
	"scalingDeterminant": 1,
	"infiniteDistance": false,
	"ignoreNonUniformScaling": false,
	"reIntegrateRotationIntoRotationQuaternion": false,
	"name": "mixamorig:Head",
	"id": "29961341-5151-464b-8ab0-1780520fdd88",
	"state": "",
	"metadata": {},
	"type": "TransformNode",
	"uniqueId": 16339,
	"parentId": "89e74b17-3bba-4fbf-a7e7-fbb54f321b5a",
	"localMatrix": {
		"0": 1,
		"1": 0,
		"2": 0,
		"3": 0,
		"4": 0,
		"5": 1,
		"6": 0,
		"7": 0,
		"8": 0,
		"9": 0,
		"10": 1,
		"11": 0,
		"12": 0,
		"13": 0,
		"14": 0,
		"15": 1
	},
	"isEnabled": true
}