{
	"tags": null,
	"position": [
		0.6846001744270325,
		4.717082500457764,
		0.13230109214782715
	],
	"rotation": [
		0,
		0,
		0
	],
	"rotationQuaternion": [
		-5.818829034061335e-14,
		-1.192093463942001e-7,
		-4.912726581096649e-7,
		1
	],
	"scaling": [
		1,
		1,
		1
	],
	"billboardMode": 0,
	"scalingDeterminant": 1,
	"infiniteDistance": false,
	"ignoreNonUniformScaling": false,
	"reIntegrateRotationIntoRotationQuaternion": false,
	"name": "mixamorig:RightHandIndex1",
	"id": "23de1480-610e-4935-8a57-b2ba93adadc0",
	"state": "",
	"metadata": {},
	"type": "TransformNode",
	"uniqueId": 16373,
	"parentId": "16e532b9-4bca-4d4e-903f-21e3953b7bb9",
	"localMatrix": {
		"0": 1,
		"1": 0,
		"2": 0,
		"3": 0,
		"4": 0,
		"5": 1,
		"6": 0,
		"7": 0,
		"8": 0,
		"9": 0,
		"10": 1,
		"11": 0,
		"12": 0,
		"13": 0,
		"14": 0,
		"15": 1
	},
	"isEnabled": true
}