{
	"tags": null,
	"position": [
		8.158385753631592e-7,
		2.481199026107788,
		-3.166496753692627e-8
	],
	"rotation": [
		0,
		0,
		0
	],
	"rotationQuaternion": [
		0.01408255286514759,
		-0.16818897426128387,
		-0.0024031370412558317,
		0.9856512546539307
	],
	"scaling": [
		0.9999999403953552,
		1,
		0.9999999403953552
	],
	"billboardMode": 0,
	"scalingDeterminant": 1,
	"infiniteDistance": false,
	"ignoreNonUniformScaling": false,
	"reIntegrateRotationIntoRotationQuaternion": false,
	"name": "mixamorig:Hair6",
	"id": "dd3380fe-7e3b-430d-9b3e-65ddb156f572",
	"state": "",
	"metadata": {},
	"type": "TransformNode",
	"uniqueId": 16398,
	"parentId": "3ae9c79d-2f9e-4d11-bcdc-ce77ce347f55",
	"localMatrix": {
		"0": 1,
		"1": 0,
		"2": 0,
		"3": 0,
		"4": 0,
		"5": 1,
		"6": 0,
		"7": 0,
		"8": 0,
		"9": 0,
		"10": 1,
		"11": 0,
		"12": 0,
		"13": 0,
		"14": 0,
		"15": 1
	},
	"isEnabled": true
}