{
	"tags": null,
	"position": [
		-1.1757674656109884e-7,
		0.6796303391456604,
		1.0055595822677788e-7
	],
	"rotation": [
		0,
		0,
		0
	],
	"rotationQuaternion": [
		-0.000003608063252613647,
		0.0000013669906593349879,
		0.0000014305117019830504,
		1
	],
	"scaling": [
		1,
		1,
		1
	],
	"billboardMode": 0,
	"scalingDeterminant": 1,
	"infiniteDistance": false,
	"ignoreNonUniformScaling": false,
	"reIntegrateRotationIntoRotationQuaternion": false,
	"name": "mixamorig:RightHandPinky2",
	"id": "e4aeb76a-9933-449c-b1fc-e9ec4ae90e9a",
	"state": "",
	"metadata": {},
	"type": "TransformNode",
	"uniqueId": 16386,
	"parentId": "70d93412-a79d-436c-aace-ecdb6e498569",
	"localMatrix": {
		"0": 1,
		"1": 0,
		"2": 0,
		"3": 0,
		"4": 0,
		"5": 1,
		"6": 0,
		"7": 0,
		"8": 0,
		"9": 0,
		"10": 1,
		"11": 0,
		"12": 0,
		"13": 0,
		"14": 0,
		"15": 1
	},
	"isEnabled": true
}