{
	"tags": null,
	"position": [
		1.6285412129946053e-8,
		0.8693307638168335,
		0.0000013195739256843808
	],
	"rotation": [
		0,
		0,
		0
	],
	"rotationQuaternion": [
		0.0000021940240912954323,
		-5.5117830299877824e-8,
		6.985581446627975e-9,
		1
	],
	"scaling": [
		1,
		0.9999999403953552,
		1
	],
	"billboardMode": 0,
	"scalingDeterminant": 1,
	"infiniteDistance": false,
	"ignoreNonUniformScaling": false,
	"reIntegrateRotationIntoRotationQuaternion": false,
	"name": "mixamorig:LeftHandRing2",
	"id": "11137a06-c521-4596-bb58-2789c7833cf7",
	"state": "",
	"metadata": {},
	"type": "TransformNode",
	"uniqueId": 16358,
	"parentId": "26c78381-f6d8-4d2f-b4ff-d129d3b8ddbd",
	"localMatrix": {
		"0": 1,
		"1": 0,
		"2": 0,
		"3": 0,
		"4": 0,
		"5": 1,
		"6": 0,
		"7": 0,
		"8": 0,
		"9": 0,
		"10": 1,
		"11": 0,
		"12": 0,
		"13": 0,
		"14": 0,
		"15": 1
	},
	"isEnabled": true
}