{
	"tags": null,
	"position": [
		-8.323922884301282e-8,
		7.502601623535156,
		0.000001224224547513586
	],
	"rotation": [
		0,
		0,
		0
	],
	"rotationQuaternion": [
		-2.2427926182899682e-8,
		-2.261825926552774e-8,
		-0.008726549334824085,
		0.9999619126319885
	],
	"scaling": [
		1,
		1.0000001192092896,
		1
	],
	"billboardMode": 0,
	"scalingDeterminant": 1,
	"infiniteDistance": false,
	"ignoreNonUniformScaling": false,
	"reIntegrateRotationIntoRotationQuaternion": false,
	"name": "mixamorig:RightForeArm",
	"id": "3acbc8fa-4d7c-4677-a26b-94800285a33b",
	"state": "",
	"metadata": {},
	"type": "TransformNode",
	"uniqueId": 16533,
	"parentId": "4c6046e3-7545-4ed0-afe8-089ccf16a082",
	"localMatrix": {
		"0": 1,
		"1": 0,
		"2": 0,
		"3": 0,
		"4": 0,
		"5": 1,
		"6": 0,
		"7": 0,
		"8": 0,
		"9": 0,
		"10": 1,
		"11": 0,
		"12": 0,
		"13": 0,
		"14": 0,
		"15": 1
	},
	"isEnabled": true
}