{
	"tags": null,
	"position": [
		1.4901161193847656e-8,
		1.3062784671783447,
		0.000005152076482772827
	],
	"rotation": [
		0,
		0,
		0
	],
	"rotationQuaternion": [
		0.000012010336831735913,
		-0.0000010831281542778015,
		-0.00004533049650490284,
		1
	],
	"scaling": [
		1,
		1,
		0.9999999403953552
	],
	"billboardMode": 0,
	"scalingDeterminant": 1,
	"infiniteDistance": false,
	"ignoreNonUniformScaling": false,
	"reIntegrateRotationIntoRotationQuaternion": false,
	"name": "mixamorig:RightHandThumb2",
	"id": "7eeaea7e-c453-4171-841a-a2ee92456934",
	"state": "",
	"metadata": {},
	"type": "TransformNode",
	"uniqueId": 16536,
	"parentId": "98301f8c-d57e-4f2f-aa52-fadae3f48394",
	"localMatrix": {
		"0": 1,
		"1": 0,
		"2": 0,
		"3": 0,
		"4": 0,
		"5": 1,
		"6": 0,
		"7": 0,
		"8": 0,
		"9": 0,
		"10": 1,
		"11": 0,
		"12": 0,
		"13": 0,
		"14": 0,
		"15": 1
	},
	"isEnabled": true
}