{
	"tags": null,
	"position": [
		-1.0904773262154777e-7,
		0.5538405179977417,
		-0.00000469316228191019
	],
	"rotation": [
		0,
		0,
		0
	],
	"rotationQuaternion": [
		-0.000011875237760250457,
		2.508234047127189e-7,
		1.3084931538287492e-7,
		1
	],
	"scaling": [
		0.9999999403953552,
		0.9999998807907104,
		0.9999999403953552
	],
	"billboardMode": 0,
	"scalingDeterminant": 1,
	"infiniteDistance": false,
	"ignoreNonUniformScaling": false,
	"reIntegrateRotationIntoRotationQuaternion": false,
	"name": "mixamorig:LeftHandPinky3",
	"id": "be889922-2e39-445e-a86d-0293b8d457d7",
	"state": "",
	"metadata": {},
	"type": "TransformNode",
	"uniqueId": 16529,
	"parentId": "d758429e-fe05-4338-86d1-eeabf964189e",
	"localMatrix": {
		"0": 1,
		"1": 0,
		"2": 0,
		"3": 0,
		"4": 0,
		"5": 1,
		"6": 0,
		"7": 0,
		"8": 0,
		"9": 0,
		"10": 1,
		"11": 0,
		"12": 0,
		"13": 0,
		"14": 0,
		"15": 1
	},
	"isEnabled": true
}