{
	"tags": null,
	"position": [
		-5.89570845477283e-8,
		1.0645017623901367,
		0.0000034949378004967002
	],
	"rotation": [
		0,
		0,
		0
	],
	"rotationQuaternion": [
		-0.0000017917208197104628,
		-8.405658746823974e-8,
		-1.0058316490813013e-7,
		1
	],
	"scaling": [
		1,
		1,
		1
	],
	"billboardMode": 0,
	"scalingDeterminant": 1,
	"infiniteDistance": false,
	"ignoreNonUniformScaling": false,
	"reIntegrateRotationIntoRotationQuaternion": false,
	"name": "mixamorig:LeftHandMiddle4",
	"id": "75c11313-3d29-46e4-8083-c52ffeb12ed9",
	"state": "",
	"metadata": {},
	"type": "TransformNode",
	"uniqueId": 16356,
	"parentId": "8038b1b7-46bb-42ca-87fb-6bc7256040bd",
	"localMatrix": {
		"0": 1,
		"1": 0,
		"2": 0,
		"3": 0,
		"4": 0,
		"5": 1,
		"6": 0,
		"7": 0,
		"8": 0,
		"9": 0,
		"10": 1,
		"11": 0,
		"12": 0,
		"13": 0,
		"14": 0,
		"15": 1
	},
	"isEnabled": true
}