{
	"tags": null,
	"position": [
		-5.238909721374512,
		1.0192515850067139,
		-4.706781387329102
	],
	"rotation": [
		0,
		0,
		0
	],
	"rotationQuaternion": [
		-0.9994943141937256,
		1.0457796087437465e-11,
		-3.287074779034782e-10,
		0.03179876133799553
	],
	"scaling": [
		1,
		0.9999998807907104,
		1.0000041723251343
	],
	"billboardMode": 0,
	"scalingDeterminant": 1,
	"infiniteDistance": false,
	"ignoreNonUniformScaling": false,
	"reIntegrateRotationIntoRotationQuaternion": false,
	"name": "mixamorig:Cloak1",
	"id": "85b1209e-4e91-49fc-927d-4fc24fb926ea",
	"state": "",
	"metadata": {},
	"type": "TransformNode",
	"uniqueId": 16389,
	"parentId": "33a12c82-5dbe-410e-bfbd-2c4d7c8071b5",
	"localMatrix": {
		"0": 1,
		"1": 0,
		"2": 0,
		"3": 0,
		"4": 0,
		"5": 1,
		"6": 0,
		"7": 0,
		"8": 0,
		"9": 0,
		"10": 1,
		"11": 0,
		"12": 0,
		"13": 0,
		"14": 0,
		"15": 1
	},
	"isEnabled": true
}