{
	"tags": null,
	"position": [
		-1.3269437551498413,
		4.292637825012207,
		0.13478785753250122
	],
	"rotation": [
		0,
		0,
		0
	],
	"rotationQuaternion": [
		-4.257844551654004e-14,
		-1.1920930376163597e-7,
		-3.5157427191734314e-7,
		1
	],
	"scaling": [
		1,
		0.9999999403953552,
		1
	],
	"billboardMode": 0,
	"scalingDeterminant": 1,
	"infiniteDistance": false,
	"ignoreNonUniformScaling": false,
	"reIntegrateRotationIntoRotationQuaternion": false,
	"name": "mixamorig:RightHandPinky1",
	"id": "84abafe4-ef7c-42c5-a1f8-9d55a776cf33",
	"state": "",
	"metadata": {},
	"type": "TransformNode",
	"uniqueId": 16551,
	"parentId": "e6672539-2e57-45e6-92b5-3b22b7815b20",
	"localMatrix": {
		"0": 1,
		"1": 0,
		"2": 0,
		"3": 0,
		"4": 0,
		"5": 1,
		"6": 0,
		"7": 0,
		"8": 0,
		"9": 0,
		"10": 1,
		"11": 0,
		"12": 0,
		"13": 0,
		"14": 0,
		"15": 1
	},
	"isEnabled": true
}