{
	"tags": null,
	"position": [
		-2.7587702788878232e-8,
		8.254602432250977,
		0.000005683822564606089
	],
	"rotation": [
		0,
		0,
		0
	],
	"rotationQuaternion": [
		-2.310649591663605e-7,
		1.2249452652213222e-7,
		2.8405311880419504e-8,
		1
	],
	"scaling": [
		1,
		0.9999999403953552,
		1
	],
	"billboardMode": 0,
	"scalingDeterminant": 1,
	"infiniteDistance": false,
	"ignoreNonUniformScaling": false,
	"reIntegrateRotationIntoRotationQuaternion": false,
	"name": "mixamorig:RightHand",
	"id": "16e532b9-4bca-4d4e-903f-21e3953b7bb9",
	"state": "",
	"metadata": {},
	"type": "TransformNode",
	"uniqueId": 16368,
	"parentId": "2f6acb16-a9c0-499a-bca5-2b760612efcc",
	"localMatrix": {
		"0": 1,
		"1": 0,
		"2": 0,
		"3": 0,
		"4": 0,
		"5": 1,
		"6": 0,
		"7": 0,
		"8": 0,
		"9": 0,
		"10": 1,
		"11": 0,
		"12": 0,
		"13": 0,
		"14": 0,
		"15": 1
	},
	"isEnabled": true
}