{
	"tags": null,
	"position": [
		0.7154654264450073,
		4.454397201538086,
		-0.025020534172654152
	],
	"rotation": [
		0,
		0,
		0
	],
	"rotationQuaternion": [
		-0.0000012298617093620123,
		5.943932279706132e-8,
		1.019797721824034e-7,
		1
	],
	"scaling": [
		0.9999999403953552,
		0.9999998807907104,
		0.9999999403953552
	],
	"billboardMode": 0,
	"scalingDeterminant": 1,
	"infiniteDistance": false,
	"ignoreNonUniformScaling": false,
	"reIntegrateRotationIntoRotationQuaternion": false,
	"name": "mixamorig:LeftHandRing1",
	"id": "1e734bbc-285c-4366-b4e9-5074fbdae352",
	"state": "",
	"metadata": {},
	"type": "TransformNode",
	"uniqueId": 16523,
	"parentId": "edeb7e04-27e6-4eb5-934e-3a8e0b54b85c",
	"localMatrix": {
		"0": 1,
		"1": 0,
		"2": 0,
		"3": 0,
		"4": 0,
		"5": 1,
		"6": 0,
		"7": 0,
		"8": 0,
		"9": 0,
		"10": 1,
		"11": 0,
		"12": 0,
		"13": 0,
		"14": 0,
		"15": 1
	},
	"isEnabled": true
}