{
	"tags": null,
	"position": [
		0.00004613999408320524,
		14.257351875305176,
		2.0857237359450664e-7
	],
	"rotation": [
		0,
		0,
		0
	],
	"rotationQuaternion": [
		-0.06868479400873184,
		1.6420803206074197e-7,
		-0.0000012603497907548444,
		0.9976384043693542
	],
	"scaling": [
		1,
		0.9999999403953552,
		1.0000001192092896
	],
	"billboardMode": 0,
	"scalingDeterminant": 1,
	"infiniteDistance": false,
	"ignoreNonUniformScaling": false,
	"reIntegrateRotationIntoRotationQuaternion": false,
	"name": "mixamorig:RightLeg",
	"id": "95736adf-2a99-4500-a9d8-ddecacd2e60c",
	"state": "",
	"metadata": {},
	"type": "TransformNode",
	"uniqueId": 16406,
	"parentId": "afefc4b7-505f-4e54-8eb7-44b2413d66d6",
	"localMatrix": {
		"0": 1,
		"1": 0,
		"2": 0,
		"3": 0,
		"4": 0,
		"5": 1,
		"6": 0,
		"7": 0,
		"8": 0,
		"9": 0,
		"10": 1,
		"11": 0,
		"12": 0,
		"13": 0,
		"14": 0,
		"15": 1
	},
	"isEnabled": true
}