{
	"tags": null,
	"position": [
		-0.6751552224159241,
		1.234291434288025,
		0.7449614405632019
	],
	"rotation": [
		0,
		0,
		0
	],
	"rotationQuaternion": [
		0.21863633394241333,
		0.07169192284345627,
		0.25476717948913574,
		0.9392295479774475
	],
	"scaling": [
		0.9999999403953552,
		0.9999998807907104,
		0.9999998807907104
	],
	"billboardMode": 0,
	"scalingDeterminant": 1,
	"infiniteDistance": false,
	"ignoreNonUniformScaling": false,
	"reIntegrateRotationIntoRotationQuaternion": false,
	"name": "mixamorig:LeftHandThumb1",
	"id": "f6f6dcfc-f254-44d2-a524-55b3583ba3ea",
	"state": "",
	"metadata": {},
	"type": "TransformNode",
	"uniqueId": 16511,
	"parentId": "edeb7e04-27e6-4eb5-934e-3a8e0b54b85c",
	"localMatrix": {
		"0": 1,
		"1": 0,
		"2": 0,
		"3": 0,
		"4": 0,
		"5": 1,
		"6": 0,
		"7": 0,
		"8": 0,
		"9": 0,
		"10": 1,
		"11": 0,
		"12": 0,
		"13": 0,
		"14": 0,
		"15": 1
	},
	"isEnabled": true
}