{
	"tags": null,
	"position": [
		2.218621375504881e-8,
		0.9614684581756592,
		7.793974532432912e-7
	],
	"rotation": [
		0,
		0,
		0
	],
	"rotationQuaternion": [
		-4.0342178382613e-12,
		-1.1920534603859778e-7,
		-1.0617080192787398e-7,
		1
	],
	"scaling": [
		1,
		0.9999999403953552,
		0.9999999403953552
	],
	"billboardMode": 0,
	"scalingDeterminant": 1,
	"infiniteDistance": false,
	"ignoreNonUniformScaling": false,
	"reIntegrateRotationIntoRotationQuaternion": false,
	"name": "mixamorig:LeftHandRing4",
	"id": "fc73c697-814d-4cbc-9205-0be12054835a",
	"state": "",
	"metadata": {},
	"type": "TransformNode",
	"uniqueId": 16360,
	"parentId": "36230ce7-4191-4ee4-beb4-22bc80d4f2fc",
	"localMatrix": {
		"0": 1,
		"1": 0,
		"2": 0,
		"3": 0,
		"4": 0,
		"5": 1,
		"6": 0,
		"7": 0,
		"8": 0,
		"9": 0,
		"10": 1,
		"11": 0,
		"12": 0,
		"13": 0,
		"14": 0,
		"15": 1
	},
	"isEnabled": true
}