{
	"tags": null,
	"position": [
		-0.0000029409461603790987,
		4.62339448928833,
		-3.8026269066904206e-7
	],
	"rotation": [
		0,
		0,
		0
	],
	"rotationQuaternion": [
		3.796511445063738e-14,
		-1.192093321833454e-7,
		-4.3353065848350525e-7,
		1
	],
	"scaling": [
		1,
		1,
		1
	],
	"billboardMode": 0,
	"scalingDeterminant": 1,
	"infiniteDistance": false,
	"ignoreNonUniformScaling": false,
	"reIntegrateRotationIntoRotationQuaternion": false,
	"name": "mixamorig:RightHandMiddle1",
	"id": "62802bea-a70d-46fe-aa42-6a5790112226",
	"state": "",
	"metadata": {},
	"type": "TransformNode",
	"uniqueId": 16543,
	"parentId": "e6672539-2e57-45e6-92b5-3b22b7815b20",
	"localMatrix": {
		"0": 1,
		"1": 0,
		"2": 0,
		"3": 0,
		"4": 0,
		"5": 1,
		"6": 0,
		"7": 0,
		"8": 0,
		"9": 0,
		"10": 1,
		"11": 0,
		"12": 0,
		"13": 0,
		"14": 0,
		"15": 1
	},
	"isEnabled": true
}