{
	"tags": null,
	"position": [
		-1.507786512374878,
		6.706936359405518,
		2.6196351051330566
	],
	"rotation": [
		0,
		0,
		0
	],
	"rotationQuaternion": [
		-0.05968395620584488,
		0.25724852085113525,
		0.952544629573822,
		0.15139293670654297
	],
	"scaling": [
		0.9999999403953552,
		1,
		0.9999998807907104
	],
	"billboardMode": 0,
	"scalingDeterminant": 1,
	"infiniteDistance": false,
	"ignoreNonUniformScaling": false,
	"reIntegrateRotationIntoRotationQuaternion": false,
	"name": "mixamorig:Hair1",
	"id": "79fcbab8-055d-4aa3-9254-a14b2dbe28f4",
	"state": "",
	"metadata": {},
	"type": "TransformNode",
	"uniqueId": 16393,
	"parentId": "33a12c82-5dbe-410e-bfbd-2c4d7c8071b5",
	"localMatrix": {
		"0": 1,
		"1": 0,
		"2": 0,
		"3": 0,
		"4": 0,
		"5": 1,
		"6": 0,
		"7": 0,
		"8": 0,
		"9": 0,
		"10": 1,
		"11": 0,
		"12": 0,
		"13": 0,
		"14": 0,
		"15": 1
	},
	"isEnabled": true
}