{
	"tags": null,
	"position": [
		0.00004613999408320524,
		14.257351875305176,
		2.0857237359450664e-7
	],
	"rotation": [
		0,
		0,
		0
	],
	"rotationQuaternion": [
		-0.06868479400873184,
		1.6420803206074197e-7,
		-0.0000012603497907548444,
		0.9976384043693542
	],
	"scaling": [
		1,
		0.9999999403953552,
		1.0000001192092896
	],
	"billboardMode": 0,
	"scalingDeterminant": 1,
	"infiniteDistance": false,
	"ignoreNonUniformScaling": false,
	"reIntegrateRotationIntoRotationQuaternion": false,
	"name": "mixamorig:RightLeg",
	"id": "727aa186-d0d2-4293-8e32-1b64bb2dbe56",
	"state": "",
	"metadata": {},
	"type": "TransformNode",
	"uniqueId": 16572,
	"parentId": "bc698190-f693-469a-8daf-67eb424f8c6d",
	"localMatrix": {
		"0": 1,
		"1": 0,
		"2": 0,
		"3": 0,
		"4": 0,
		"5": 1,
		"6": 0,
		"7": 0,
		"8": 0,
		"9": 0,
		"10": 1,
		"11": 0,
		"12": 0,
		"13": 0,
		"14": 0,
		"15": 1
	},
	"isEnabled": true
}