{
	"tags": null,
	"position": [
		-0.0000029802322387695312,
		1.0887619256973267,
		-1.9371509552001953e-7
	],
	"rotation": [
		0,
		0,
		0
	],
	"rotationQuaternion": [
		0,
		-4.656612873077393e-10,
		-4.167669231947002e-8,
		1
	],
	"scaling": [
		0.9999999403953552,
		0.9999998807907104,
		0.9999998807907104
	],
	"billboardMode": 0,
	"scalingDeterminant": 1,
	"infiniteDistance": false,
	"ignoreNonUniformScaling": false,
	"reIntegrateRotationIntoRotationQuaternion": false,
	"name": "mixamorig:RightHandThumb4",
	"id": "40a19a5c-8e92-4e1c-95c8-ac70bb3d0ec6",
	"state": "",
	"metadata": {},
	"type": "TransformNode",
	"uniqueId": 16538,
	"parentId": "da5ea7bc-d682-4cce-a4f5-22250c70dadb",
	"localMatrix": {
		"0": 1,
		"1": 0,
		"2": 0,
		"3": 0,
		"4": 0,
		"5": 1,
		"6": 0,
		"7": 0,
		"8": 0,
		"9": 0,
		"10": 1,
		"11": 0,
		"12": 0,
		"13": 0,
		"14": 0,
		"15": 1
	},
	"isEnabled": true
}