{
	"tags": null,
	"position": [
		0.003337130881845951,
		4.774597644805908,
		3.2183990478515625
	],
	"rotation": [
		0,
		0,
		0
	],
	"rotationQuaternion": [
		-2.0703119218978827e-8,
		-2.778327623998209e-17,
		-5.720771190249389e-18,
		1
	],
	"scaling": [
		1,
		0.9999999403953552,
		1
	],
	"billboardMode": 0,
	"scalingDeterminant": 1,
	"infiniteDistance": false,
	"ignoreNonUniformScaling": false,
	"reIntegrateRotationIntoRotationQuaternion": false,
	"name": "mixamorig:HeadTop_End",
	"id": "c08680be-d4f9-461c-abf6-8b6f6bdfe48f",
	"state": "",
	"metadata": {},
	"type": "TransformNode",
	"uniqueId": 16340,
	"parentId": "29961341-5151-464b-8ab0-1780520fdd88",
	"localMatrix": {
		"0": 1,
		"1": 0,
		"2": 0,
		"3": 0,
		"4": 0,
		"5": 1,
		"6": 0,
		"7": 0,
		"8": 0,
		"9": 0,
		"10": 1,
		"11": 0,
		"12": 0,
		"13": 0,
		"14": 0,
		"15": 1
	},
	"isEnabled": true
}