{
	"tags": null,
	"position": [
		2.4396612644195557,
		4.066066741943359,
		-0.20628449320793152
	],
	"rotation": [
		0,
		0,
		0
	],
	"rotationQuaternion": [
		0.624136745929718,
		0.3323451280593872,
		-0.59024977684021,
		0.38936513662338257
	],
	"scaling": [
		1.0000003576278687,
		1.000000238418579,
		1
	],
	"billboardMode": 0,
	"scalingDeterminant": 1,
	"infiniteDistance": false,
	"ignoreNonUniformScaling": false,
	"reIntegrateRotationIntoRotationQuaternion": false,
	"name": "mixamorig:LeftShoulder",
	"id": "764f26c4-ff0a-412b-90f4-dd4cfacf1843",
	"state": "",
	"metadata": {},
	"type": "TransformNode",
	"uniqueId": 16507,
	"parentId": "14426df3-8a70-4b53-9fa7-845e6f7b32ac",
	"localMatrix": {
		"0": 1,
		"1": 0,
		"2": 0,
		"3": 0,
		"4": 0,
		"5": 1,
		"6": 0,
		"7": 0,
		"8": 0,
		"9": 0,
		"10": 1,
		"11": 0,
		"12": 0,
		"13": 0,
		"14": 0,
		"15": 1
	},
	"isEnabled": true
}