{
	"tags": null,
	"position": [
		1.2976853847503662,
		4.25904655456543,
		0.12903979420661926
	],
	"rotation": [
		0,
		0,
		0
	],
	"rotationQuaternion": [
		-0.0000020071065591764636,
		1.4652849600338413e-8,
		9.313201587701769e-8,
		1
	],
	"scaling": [
		0.9999999403953552,
		0.9999999403953552,
		0.9999999403953552
	],
	"billboardMode": 0,
	"scalingDeterminant": 1,
	"infiniteDistance": false,
	"ignoreNonUniformScaling": false,
	"reIntegrateRotationIntoRotationQuaternion": false,
	"name": "mixamorig:LeftHandPinky1",
	"id": "1d27d659-425a-460c-bde6-0973f669050c",
	"state": "",
	"metadata": {},
	"type": "TransformNode",
	"uniqueId": 16527,
	"parentId": "edeb7e04-27e6-4eb5-934e-3a8e0b54b85c",
	"localMatrix": {
		"0": 1,
		"1": 0,
		"2": 0,
		"3": 0,
		"4": 0,
		"5": 1,
		"6": 0,
		"7": 0,
		"8": 0,
		"9": 0,
		"10": 1,
		"11": 0,
		"12": 0,
		"13": 0,
		"14": 0,
		"15": 1
	},
	"isEnabled": true
}