{
	"tags": null,
	"position": [
		4.805372100236127e-9,
		16.139997482299805,
		3.918103175237775e-8
	],
	"rotation": [
		0,
		0,
		0
	],
	"rotationQuaternion": [
		0.07837555557489395,
		0.000004072015599376755,
		0.000001646107875785674,
		0.9969239234924316
	],
	"scaling": [
		1,
		0.9999999403953552,
		0.9999999403953552
	],
	"billboardMode": 0,
	"scalingDeterminant": 1,
	"infiniteDistance": false,
	"ignoreNonUniformScaling": false,
	"reIntegrateRotationIntoRotationQuaternion": false,
	"name": "mixamorig:LeftFoot",
	"id": "2a4aab03-2279-4b94-87a4-ceeed3151930",
	"state": "",
	"metadata": {},
	"type": "TransformNode",
	"uniqueId": 16402,
	"parentId": "f7d31bd1-c88d-455e-bcd2-501bd4e4f28b",
	"localMatrix": {
		"0": 1,
		"1": 0,
		"2": 0,
		"3": 0,
		"4": 0,
		"5": 1,
		"6": 0,
		"7": 0,
		"8": 0,
		"9": 0,
		"10": 1,
		"11": 0,
		"12": 0,
		"13": 0,
		"14": 0,
		"15": 1
	},
	"isEnabled": true
}