{
	"tags": null,
	"position": [
		0.6778426766395569,
		1.2704800367355347,
		0.7696301937103271
	],
	"rotation": [
		0,
		0,
		0
	],
	"rotationQuaternion": [
		0.21940147876739502,
		-0.0688624233007431,
		-0.25407761335372925,
		0.9394496083259583
	],
	"scaling": [
		1,
		1,
		1
	],
	"billboardMode": 0,
	"scalingDeterminant": 1,
	"infiniteDistance": false,
	"ignoreNonUniformScaling": false,
	"reIntegrateRotationIntoRotationQuaternion": false,
	"name": "mixamorig:RightHandThumb1",
	"id": "3f0f29a4-e069-4f78-a110-484b445f4f4e",
	"state": "",
	"metadata": {},
	"type": "TransformNode",
	"uniqueId": 16369,
	"parentId": "16e532b9-4bca-4d4e-903f-21e3953b7bb9",
	"localMatrix": {
		"0": 1,
		"1": 0,
		"2": 0,
		"3": 0,
		"4": 0,
		"5": 1,
		"6": 0,
		"7": 0,
		"8": 0,
		"9": 0,
		"10": 1,
		"11": 0,
		"12": 0,
		"13": 0,
		"14": 0,
		"15": 1
	},
	"isEnabled": true
}