{
	"tags": null,
	"position": [
		-3.5537099838256836,
		-0.9087200164794922,
		0.145828977227211
	],
	"rotation": [
		0,
		0,
		0
	],
	"rotationQuaternion": [
		3.90061416055687e-7,
		-0.01872893236577511,
		-0.9998246431350708,
		7.515881179642747e-7
	],
	"scaling": [
		1,
		1.000000238418579,
		1.0000004768371582
	],
	"billboardMode": 0,
	"scalingDeterminant": 1,
	"infiniteDistance": false,
	"ignoreNonUniformScaling": false,
	"reIntegrateRotationIntoRotationQuaternion": false,
	"name": "mixamorig:RightUpLeg",
	"id": "afefc4b7-505f-4e54-8eb7-44b2413d66d6",
	"state": "",
	"metadata": {},
	"type": "TransformNode",
	"uniqueId": 16405,
	"parentId": "1056c3f3-732e-4dc0-9a1a-582365655e09",
	"localMatrix": {
		"0": 1,
		"1": 0,
		"2": 0,
		"3": 0,
		"4": 0,
		"5": 1,
		"6": 0,
		"7": 0,
		"8": 0,
		"9": 0,
		"10": 1,
		"11": 0,
		"12": 0,
		"13": 0,
		"14": 0,
		"15": 1
	},
	"isEnabled": true
}