{
	"tags": null,
	"position": [
		0.0000015497207641601562,
		1.1575028896331787,
		-0.0000020265579223632812
	],
	"rotation": [
		0,
		0,
		0
	],
	"rotationQuaternion": [
		0.0000051800161600112915,
		0.0000031124798169912538,
		0.000002001877874135971,
		1
	],
	"scaling": [
		1.0000001192092896,
		1,
		1
	],
	"billboardMode": 0,
	"scalingDeterminant": 1,
	"infiniteDistance": false,
	"ignoreNonUniformScaling": false,
	"reIntegrateRotationIntoRotationQuaternion": false,
	"name": "mixamorig:LeftHandThumb4",
	"id": "cfc6f156-83a5-48e9-9dc1-9276e39e2a32",
	"state": "",
	"metadata": {},
	"type": "TransformNode",
	"uniqueId": 16514,
	"parentId": "e3deb641-6b96-4587-8c70-5c0b629fa32f",
	"localMatrix": {
		"0": 1,
		"1": 0,
		"2": 0,
		"3": 0,
		"4": 0,
		"5": 1,
		"6": 0,
		"7": 0,
		"8": 0,
		"9": 0,
		"10": 1,
		"11": 0,
		"12": 0,
		"13": 0,
		"14": 0,
		"15": 1
	},
	"isEnabled": true
}