{
	"tags": null,
	"position": [
		-0.0000018698360690905247,
		1.0691238641738892,
		-0.000005579516255238559
	],
	"rotation": [
		0,
		0,
		0
	],
	"rotationQuaternion": [
		-0.0000035680523069459014,
		-2.281364785972073e-8,
		-4.004676412705521e-8,
		1
	],
	"scaling": [
		1,
		1,
		1
	],
	"billboardMode": 0,
	"scalingDeterminant": 1,
	"infiniteDistance": false,
	"ignoreNonUniformScaling": false,
	"reIntegrateRotationIntoRotationQuaternion": false,
	"name": "mixamorig:RightHandMiddle4",
	"id": "63bcd11d-65a7-4f2b-9f30-a0bcea19a38f",
	"state": "",
	"metadata": {},
	"type": "TransformNode",
	"uniqueId": 16546,
	"parentId": "72a76be5-d28e-4ee7-bd97-de716bca3caa",
	"localMatrix": {
		"0": 1,
		"1": 0,
		"2": 0,
		"3": 0,
		"4": 0,
		"5": 1,
		"6": 0,
		"7": 0,
		"8": 0,
		"9": 0,
		"10": 1,
		"11": 0,
		"12": 0,
		"13": 0,
		"14": 0,
		"15": 1
	},
	"isEnabled": true
}