{
	"tags": null,
	"position": [
		-1.4282832694334502e-9,
		8.199995994567871,
		-2.9528024469982483e-10
	],
	"rotation": [
		0,
		0,
		0
	],
	"rotationQuaternion": [
		0.02034650184214115,
		-6.78295805300877e-7,
		1.2405261706760484e-8,
		0.9997929930686951
	],
	"scaling": [
		1,
		1,
		1
	],
	"billboardMode": 0,
	"scalingDeterminant": 1,
	"infiniteDistance": false,
	"ignoreNonUniformScaling": false,
	"reIntegrateRotationIntoRotationQuaternion": false,
	"name": "mixamorig:Cloak3",
	"id": "4eac6d32-e0aa-4ceb-a55f-f2bda724b079",
	"state": "",
	"metadata": {},
	"type": "TransformNode",
	"uniqueId": 16557,
	"parentId": "453cb8b0-4e23-4f29-8ea0-1e3960291af7",
	"localMatrix": {
		"0": 1,
		"1": 0,
		"2": 0,
		"3": 0,
		"4": 0,
		"5": 1,
		"6": 0,
		"7": 0,
		"8": 0,
		"9": 0,
		"10": 1,
		"11": 0,
		"12": 0,
		"13": 0,
		"14": 0,
		"15": 1
	},
	"isEnabled": true
}