{
	"tags": null,
	"position": [
		-0.6973152756690979,
		4.588528156280518,
		0.11769435554742813
	],
	"rotation": [
		0,
		0,
		0
	],
	"rotationQuaternion": [
		0.000032235071557806805,
		-1.089761525463473e-7,
		0.000012854121450800449,
		1
	],
	"scaling": [
		0.9999999403953552,
		0.9999998807907104,
		0.9999999403953552
	],
	"billboardMode": 0,
	"scalingDeterminant": 1,
	"infiniteDistance": false,
	"ignoreNonUniformScaling": false,
	"reIntegrateRotationIntoRotationQuaternion": false,
	"name": "mixamorig:LeftHandIndex1",
	"id": "d998447f-c27c-431e-a0c2-84d829ffdd4a",
	"state": "",
	"metadata": {},
	"type": "TransformNode",
	"uniqueId": 16349,
	"parentId": "8af82190-f58e-48bd-8b3e-4197037bf94d",
	"localMatrix": {
		"0": 1,
		"1": 0,
		"2": 0,
		"3": 0,
		"4": 0,
		"5": 1,
		"6": 0,
		"7": 0,
		"8": 0,
		"9": 0,
		"10": 1,
		"11": 0,
		"12": 0,
		"13": 0,
		"14": 0,
		"15": 1
	},
	"isEnabled": true
}