{
	"tags": null,
	"position": [
		-1.322280240856344e-7,
		9.100015640258789,
		4.824337338504847e-7
	],
	"rotation": [
		0,
		0,
		0
	],
	"rotationQuaternion": [
		2.6077035641947077e-8,
		0.0000013556907560996478,
		-5.2399606431663415e-8,
		1
	],
	"scaling": [
		1,
		0.9999999403953552,
		0.9999999403953552
	],
	"billboardMode": 0,
	"scalingDeterminant": 1,
	"infiniteDistance": false,
	"ignoreNonUniformScaling": false,
	"reIntegrateRotationIntoRotationQuaternion": false,
	"name": "mixamorig:Cloak_End",
	"id": "39cfc51d-dc53-4cd8-9b08-21ab25b83e2b",
	"state": "",
	"metadata": {},
	"type": "TransformNode",
	"uniqueId": 16392,
	"parentId": "96ab513c-099d-4fb7-ba68-c2e7e1dfc11a",
	"localMatrix": {
		"0": 1,
		"1": 0,
		"2": 0,
		"3": 0,
		"4": 0,
		"5": 1,
		"6": 0,
		"7": 0,
		"8": 0,
		"9": 0,
		"10": 1,
		"11": 0,
		"12": 0,
		"13": 0,
		"14": 0,
		"15": 1
	},
	"isEnabled": true
}