{
	"tags": null,
	"position": [
		1.0168878361582756e-7,
		5.2359089851379395,
		-5.105684977024794e-7
	],
	"rotation": [
		0,
		0,
		0
	],
	"rotationQuaternion": [
		0.029815541580319405,
		-0.00043123445357196033,
		-0.004365943837910891,
		0.9995458126068115
	],
	"scaling": [
		1,
		0.9999999403953552,
		1
	],
	"billboardMode": 0,
	"scalingDeterminant": 1,
	"infiniteDistance": false,
	"ignoreNonUniformScaling": false,
	"reIntegrateRotationIntoRotationQuaternion": false,
	"name": "mixamorig:Spine2",
	"id": "14426df3-8a70-4b53-9fa7-845e6f7b32ac",
	"state": "",
	"metadata": {},
	"type": "TransformNode",
	"uniqueId": 16503,
	"parentId": "de4ed74b-aa2b-401c-9cd2-ba586b37abfd",
	"localMatrix": {
		"0": 1,
		"1": 0,
		"2": 0,
		"3": 0,
		"4": 0,
		"5": 1,
		"6": 0,
		"7": 0,
		"8": 0,
		"9": 0,
		"10": 1,
		"11": 0,
		"12": 0,
		"13": 0,
		"14": 0,
		"15": 1
	},
	"isEnabled": true
}