{
	"tags": null,
	"position": [
		-5.89570845477283e-8,
		1.0645017623901367,
		0.0000034949378004967002
	],
	"rotation": [
		0,
		0,
		0
	],
	"rotationQuaternion": [
		-0.0000017917208197104628,
		-8.405658746823974e-8,
		-1.0058316490813013e-7,
		1
	],
	"scaling": [
		1,
		1,
		1
	],
	"billboardMode": 0,
	"scalingDeterminant": 1,
	"infiniteDistance": false,
	"ignoreNonUniformScaling": false,
	"reIntegrateRotationIntoRotationQuaternion": false,
	"name": "mixamorig:LeftHandMiddle4",
	"id": "23f89e68-fc05-42d1-b8ae-e7930d684d17",
	"state": "",
	"metadata": {},
	"type": "TransformNode",
	"uniqueId": 16522,
	"parentId": "92f73f68-04b8-4393-b880-31e1f6c81d77",
	"localMatrix": {
		"0": 1,
		"1": 0,
		"2": 0,
		"3": 0,
		"4": 0,
		"5": 1,
		"6": 0,
		"7": 0,
		"8": 0,
		"9": 0,
		"10": 1,
		"11": 0,
		"12": 0,
		"13": 0,
		"14": 0,
		"15": 1
	},
	"isEnabled": true
}