{
	"tags": null,
	"position": [
		0.0000023875204533396754,
		0.7679174542427063,
		1.9086928659817204e-7
	],
	"rotation": [
		0,
		0,
		0
	],
	"rotationQuaternion": [
		2.4848731405846536e-10,
		9.204594562106649e-7,
		-0.0000013971334738016594,
		1
	],
	"scaling": [
		1,
		1,
		1
	],
	"billboardMode": 0,
	"scalingDeterminant": 1,
	"infiniteDistance": false,
	"ignoreNonUniformScaling": false,
	"reIntegrateRotationIntoRotationQuaternion": false,
	"name": "mixamorig:LeftToe_End",
	"id": "497ef129-39c2-4d9d-a088-526308b393d7",
	"state": "",
	"metadata": {},
	"type": "TransformNode",
	"uniqueId": 16404,
	"parentId": "fe6955fe-e4d8-442d-bb23-46d933c6ae83",
	"localMatrix": {
		"0": 1,
		"1": 0,
		"2": 0,
		"3": 0,
		"4": 0,
		"5": 1,
		"6": 0,
		"7": 0,
		"8": 0,
		"9": 0,
		"10": 1,
		"11": 0,
		"12": 0,
		"13": 0,
		"14": 0,
		"15": 1
	},
	"isEnabled": true
}