{
	"tags": null,
	"position": [
		0.000008568845260015223,
		6.699997425079346,
		1.6872346009222383e-7
	],
	"rotation": [
		0,
		0,
		0
	],
	"rotationQuaternion": [
		0.5112974047660828,
		3.0827922614662384e-7,
		-1.8221444975097256e-7,
		0.8594038486480713
	],
	"scaling": [
		1,
		0.9999999403953552,
		0.9999998807907104
	],
	"billboardMode": 0,
	"scalingDeterminant": 1,
	"infiniteDistance": false,
	"ignoreNonUniformScaling": false,
	"reIntegrateRotationIntoRotationQuaternion": false,
	"name": "mixamorig:RightToeBase",
	"id": "de61d312-ea2c-4e8b-8e4f-fde10a229074",
	"state": "",
	"metadata": {},
	"type": "TransformNode",
	"uniqueId": 16574,
	"parentId": "e561dd32-2f4b-4b1c-8828-2e6e3ea1eed3",
	"localMatrix": {
		"0": 1,
		"1": 0,
		"2": 0,
		"3": 0,
		"4": 0,
		"5": 1,
		"6": 0,
		"7": 0,
		"8": 0,
		"9": 0,
		"10": 1,
		"11": 0,
		"12": 0,
		"13": 0,
		"14": 0,
		"15": 1
	},
	"isEnabled": true
}