{
	"tags": null,
	"position": [
		4.838511813431978e-8,
		0.528634786605835,
		-0.000001354414052912034
	],
	"rotation": [
		0,
		0,
		0
	],
	"rotationQuaternion": [
		0.0000036080639347346732,
		-0.0000010967874004563782,
		-9.317873264080845e-7,
		1
	],
	"scaling": [
		1,
		1,
		1
	],
	"billboardMode": 0,
	"scalingDeterminant": 1,
	"infiniteDistance": false,
	"ignoreNonUniformScaling": false,
	"reIntegrateRotationIntoRotationQuaternion": false,
	"name": "mixamorig:RightHandPinky3",
	"id": "8ea887a5-fb8a-4edd-99a6-9cd1bf2cffea",
	"state": "",
	"metadata": {},
	"type": "TransformNode",
	"uniqueId": 16553,
	"parentId": "015260df-3a31-4f20-9ebe-5398f2b1f435",
	"localMatrix": {
		"0": 1,
		"1": 0,
		"2": 0,
		"3": 0,
		"4": 0,
		"5": 1,
		"6": 0,
		"7": 0,
		"8": 0,
		"9": 0,
		"10": 1,
		"11": 0,
		"12": 0,
		"13": 0,
		"14": 0,
		"15": 1
	},
	"isEnabled": true
}