{
	"materials": [],
	"meshes": [
		{
			"name": "Hazard2",
			"id": "b4c817ee-1196-4b76-98dd-f94feb246243",
			"uniqueId": 1913,
			"type": "Mesh",
			"position": [
				18.0322208404541,
				-2.2049574851989746,
				-129.5567626953125
			],
			"rotationQuaternion": [
				-0.5000000595995482,
				-0.499999962255358,
				0.49999994039966283,
				0.5000000377454209
			],
			"scaling": [
				4.0000000000000755,
				1.0000000000000009,
				5.0000000000000995
			],
			"pivotMatrix": {
				"0": 1,
				"1": 0,
				"2": 0,
				"3": 0,
				"4": 0,
				"5": 1,
				"6": 0,
				"7": 0,
				"8": 0,
				"9": 0,
				"10": 1,
				"11": 0,
				"12": 0,
				"13": 0,
				"14": 0,
				"15": 1
			},
			"isEnabled": true,
			"isVisible": true,
			"infiniteDistance": false,
			"pickable": true,
			"receiveShadows": false,
			"billboardMode": 0,
			"visibility": 1,
			"checkCollisions": false,
			"isBlocker": false,
			"overrideMaterialSideOrientation": null,
			"isUnIndexed": false,
			"geometryId": "c394d255-267b-4622-9778-5469f55bdaa8",
			"subMeshes": null,
			"materialId": "05e379fd-596d-46df-b15a-f21634d65711",
			"metadata": {
				"basePoseMatrix": {
					"0": 1,
					"1": 0,
					"2": 0,
					"3": 0,
					"4": 0,
					"5": 1,
					"6": 0,
					"7": 0,
					"8": 0,
					"9": 0,
					"10": 1,
					"11": 0,
					"12": 0,
					"13": 0,
					"14": 0,
					"15": 1
				},
				"originalSourceFile": {
					"id": "Model::Scifi Crate",
					"name": "Model::Scifi Crate",
					"sceneFileName": "CyberStuff/uploads_files_4349721_SCIFI+CRATE.fbx"
				},
				"isPickable": false,
				"script": {
					"name": "None"
				},
				"renderingGroupId": 0,
				"_waitingParentId": null
			},
			"instances": [],
			"animations": [],
			"ranges": [],
			"layerMask": 268435455,
			"alphaIndex": 1.7976931348623157e+308,
			"hasVertexAlpha": false,
			"overlayAlpha": 0.3,
			"overlayColor": [
				1,
				0,
				0
			],
			"applyFog": true,
			"parentId": null,
			"delayLoadingFile": "geometries/c394d255-267b-4622-9778-5469f55bdaa8.babylonbinarymeshdata",
			"boundingBoxMaximum": [
				0.8659620881080627,
				1.2045396566390991,
				1.769728183746338
			],
			"boundingBoxMinimum": [
				-0.8659620881080627,
				-1.2045396566390991,
				-1.769728183746338
			],
			"_binaryInfo": {
				"positionsAttrDesc": {
					"count": 31914,
					"stride": 3,
					"offset": 0,
					"dataType": 1
				},
				"normalsAttrDesc": {
					"count": 31914,
					"stride": 3,
					"offset": 127656,
					"dataType": 1
				},
				"uvsAttrDesc": {
					"count": 21276,
					"stride": 2,
					"offset": 255312,
					"dataType": 1
				},
				"indicesAttrDesc": {
					"count": 10638,
					"stride": 1,
					"offset": 340416,
					"dataType": 0
				},
				"subMeshesAttrDesc": {
					"count": 1,
					"stride": 5,
					"offset": 382968,
					"dataType": 0
				}
			},
			"positions": null,
			"normals": null,
			"uvs": null,
			"hasUVs": true,
			"indices": null
		}
	],
	"multiMaterials": [],
	"lods": []
}