{
	"materials": [],
	"meshes": [
		{
			"name": "Model::rua",
			"id": "e792e27d-ccad-4c2e-b275-19b7aec9eff3",
			"uniqueId": 856,
			"type": "Mesh",
			"position": [
				-0.9737701416015625,
				-47.74,
				-40.15196990966797
			],
			"rotationQuaternion": [
				0.4999999999999999,
				0.5000000000000001,
				0.5,
				-0.5
			],
			"scaling": [
				194.84658813476562,
				26,
				1.0208992958068848
			],
			"localMatrix": {
				"0": 1,
				"1": 0,
				"2": 0,
				"3": 0,
				"4": 0,
				"5": 1,
				"6": 0,
				"7": 0,
				"8": 0,
				"9": 0,
				"10": 1,
				"11": 0,
				"12": 0,
				"13": 0,
				"14": 0,
				"15": 1
			},
			"isEnabled": true,
			"isVisible": true,
			"infiniteDistance": false,
			"pickable": true,
			"receiveShadows": false,
			"billboardMode": 0,
			"visibility": 1,
			"checkCollisions": true,
			"isBlocker": false,
			"overrideMaterialSideOrientation": null,
			"parentId": "2f5c556d-f19b-4a5e-9f2d-f9a7f071caaf",
			"isUnIndexed": false,
			"geometryId": "7f152a70-e918-41f7-9064-107aad1327ba",
			"subMeshes": null,
			"materialId": "92933498-25fe-4dac-a082-d112a8704027",
			"metadata": {
				"basePoseMatrix": {
					"0": 1,
					"1": 0,
					"2": 0,
					"3": 0,
					"4": 0,
					"5": 1,
					"6": 0,
					"7": 0,
					"8": 0,
					"9": 0,
					"10": 1,
					"11": 0,
					"12": 0,
					"13": 0,
					"14": 0,
					"15": 1
				},
				"originalSourceFile": {
					"id": "Model::rua",
					"name": "Model::rua",
					"sceneFileName": "Road/untitled.fbx"
				},
				"isPickable": false,
				"script": {
					"name": "None"
				},
				"renderingGroupId": 0
			},
			"instances": [],
			"animations": [],
			"ranges": [],
			"layerMask": 268435455,
			"alphaIndex": 1.7976931348623157e+308,
			"hasVertexAlpha": false,
			"overlayAlpha": 0.3,
			"overlayColor": [
				1,
				0,
				0
			],
			"applyFog": true,
			"delayLoadingFile": "geometries/7f152a70-e918-41f7-9064-107aad1327ba.babylonbinarymeshdata",
			"boundingBoxMaximum": [
				0.9482881426811218,
				0.9999999403953552,
				0.9999999403953552
			],
			"boundingBoxMinimum": [
				-0.9482881426811218,
				-0.9999999403953552,
				-0.9999999403953552
			],
			"_binaryInfo": {
				"positionsAttrDesc": {
					"count": 108,
					"stride": 3,
					"offset": 0,
					"dataType": 1
				},
				"normalsAttrDesc": {
					"count": 108,
					"stride": 3,
					"offset": 432,
					"dataType": 1
				},
				"uvsAttrDesc": {
					"count": 72,
					"stride": 2,
					"offset": 864,
					"dataType": 1
				},
				"indicesAttrDesc": {
					"count": 36,
					"stride": 1,
					"offset": 1152,
					"dataType": 0
				},
				"subMeshesAttrDesc": {
					"count": 1,
					"stride": 5,
					"offset": 1296,
					"dataType": 0
				}
			},
			"positions": null,
			"normals": null,
			"uvs": null,
			"hasUVs": true,
			"indices": null
		}
	],
	"multiMaterials": [],
	"lods": []
}