{
	"materials": [],
	"meshes": [
		{
			"name": "Model::2story_long",
			"id": "0269bd0d-ff7e-423b-ba89-3c572fac1a14",
			"uniqueId": 11894,
			"type": "Mesh",
			"position": [
				-42.97430419921875,
				-30.31714630126953,
				61.16872787475586
			],
			"rotationQuaternion": [
				3.0908619072630584e-8,
				0.7071067811865468,
				0.7071067811865469,
				-3.0908619072630584e-8
			],
			"scaling": [
				0.6999999880790737,
				0.6999999880790737,
				0.699999988079071
			],
			"localMatrix": {
				"0": 1,
				"1": 0,
				"2": 0,
				"3": 0,
				"4": 0,
				"5": 1,
				"6": 0,
				"7": 0,
				"8": 0,
				"9": 0,
				"10": 1,
				"11": 0,
				"12": 0,
				"13": 0,
				"14": 0,
				"15": 1
			},
			"isEnabled": true,
			"isVisible": true,
			"infiniteDistance": false,
			"pickable": true,
			"receiveShadows": false,
			"billboardMode": 0,
			"visibility": 1,
			"checkCollisions": false,
			"isBlocker": false,
			"overrideMaterialSideOrientation": null,
			"parentId": "bc03d36c-b225-4b51-8371-2577aa29e8c1",
			"isUnIndexed": false,
			"geometryId": "6dfa2f58-3f76-417c-b130-e4872ff53dac",
			"subMeshes": null,
			"materialId": "36004068-5b64-4950-bc70-5324e6d8d0b7",
			"metadata": {
				"basePoseMatrix": {
					"0": 1,
					"1": 0,
					"2": 0,
					"3": 0,
					"4": 0,
					"5": 1,
					"6": 0,
					"7": 0,
					"8": 0,
					"9": 0,
					"10": 1,
					"11": 0,
					"12": 0,
					"13": 0,
					"14": 0,
					"15": 1
				},
				"originalSourceFile": {
					"id": "Model::2story_long",
					"name": "Model::2story_long",
					"sceneFileName": "Cybercity/FBX/2story_long.FBX"
				},
				"isPickable": false,
				"script": {
					"name": "None"
				},
				"renderingGroupId": 0
			},
			"instances": [
				{
					"name": "Model::2story_long (Mesh Instance)",
					"id": "d2f435c7-3ca2-45ef-99de-b2b2ccb63a4f",
					"isEnabled": true,
					"isVisible": true,
					"isPickable": true,
					"checkCollisions": false,
					"position": [
						-42.97430419921875,
						-30.31714630126953,
						-8.115715980529785
					],
					"scaling": [
						0.6999999880790737,
						0.6999999880790737,
						0.699999988079071
					],
					"parentId": "bc03d36c-b225-4b51-8371-2577aa29e8c1",
					"rotationQuaternion": [
						3.0908619072630584e-8,
						0.7071067811865468,
						0.7071067811865469,
						-3.0908619072630584e-8
					],
					"metadata": {
						"isPickable": false,
						"script": {
							"name": "None"
						},
						"renderingGroupId": 0
					},
					"animations": [],
					"ranges": []
				},
				{
					"name": "Model::2story_long (Mesh Instance)",
					"id": "af9738ff-fbcc-4443-b151-cbffd9a59809",
					"isEnabled": true,
					"isVisible": true,
					"isPickable": true,
					"checkCollisions": false,
					"position": [
						-42.97430419921875,
						-30.31714630126953,
						-77.76773071289062
					],
					"scaling": [
						0.6999999880790737,
						0.6999999880790737,
						0.699999988079071
					],
					"parentId": "bc03d36c-b225-4b51-8371-2577aa29e8c1",
					"rotationQuaternion": [
						3.0908619072630584e-8,
						0.7071067811865468,
						0.7071067811865469,
						-3.0908619072630584e-8
					],
					"metadata": {
						"isPickable": false,
						"script": {
							"name": "None"
						},
						"renderingGroupId": 0
					},
					"animations": [],
					"ranges": []
				},
				{
					"name": "Model::2story_long (Mesh Instance)",
					"id": "804ffacc-cd93-454e-9ad6-d76678768924",
					"isEnabled": true,
					"isVisible": true,
					"isPickable": true,
					"checkCollisions": false,
					"position": [
						40.580238342285156,
						-30.31714630126953,
						-77.76773071289062
					],
					"scaling": [
						0.6999999880790737,
						0.6999999880790737,
						0.699999988079071
					],
					"parentId": "bc03d36c-b225-4b51-8371-2577aa29e8c1",
					"rotationQuaternion": [
						3.0908619072630584e-8,
						0.7071067811865468,
						0.7071067811865469,
						-3.0908619072630584e-8
					],
					"metadata": {
						"isPickable": false,
						"script": {
							"name": "None"
						},
						"renderingGroupId": 0
					},
					"animations": [],
					"ranges": []
				},
				{
					"name": "Model::2story_long (Mesh Instance)",
					"id": "f8fa6ce6-7b8d-484c-b3e5-89cc606d23c7",
					"isEnabled": true,
					"isVisible": true,
					"isPickable": true,
					"checkCollisions": false,
					"position": [
						40.580238342285156,
						-30.31714630126953,
						-7.893826007843018
					],
					"scaling": [
						0.6999999880790737,
						0.6999999880790737,
						0.699999988079071
					],
					"parentId": "bc03d36c-b225-4b51-8371-2577aa29e8c1",
					"rotationQuaternion": [
						3.0908619072630584e-8,
						0.7071067811865468,
						0.7071067811865469,
						-3.0908619072630584e-8
					],
					"metadata": {
						"isPickable": false,
						"script": {
							"name": "None"
						},
						"renderingGroupId": 0
					},
					"animations": [],
					"ranges": []
				},
				{
					"name": "Model::2story_long (Mesh Instance)",
					"id": "63a9f56f-d189-45d1-9079-22f0c16f00a5",
					"isEnabled": true,
					"isVisible": true,
					"isPickable": true,
					"checkCollisions": false,
					"position": [
						40.580238342285156,
						-30.31714630126953,
						61.706703186035156
					],
					"scaling": [
						0.6999999880790737,
						0.6999999880790737,
						0.699999988079071
					],
					"parentId": "bc03d36c-b225-4b51-8371-2577aa29e8c1",
					"rotationQuaternion": [
						3.0908619072630584e-8,
						0.7071067811865468,
						0.7071067811865469,
						-3.0908619072630584e-8
					],
					"metadata": {
						"isPickable": false,
						"script": {
							"name": "None"
						},
						"renderingGroupId": 0
					},
					"animations": [],
					"ranges": []
				}
			],
			"animations": [],
			"ranges": [],
			"layerMask": 268435455,
			"alphaIndex": 1.7976931348623157e+308,
			"hasVertexAlpha": false,
			"overlayAlpha": 0.3,
			"overlayColor": [
				1,
				0,
				0
			],
			"applyFog": true,
			"delayLoadingFile": "geometries/6dfa2f58-3f76-417c-b130-e4872ff53dac.babylonbinarymeshdata",
			"boundingBoxMaximum": [
				25,
				25,
				25
			],
			"boundingBoxMinimum": [
				-25,
				-75.0160903930664,
				-25
			],
			"_binaryInfo": {
				"positionsAttrDesc": {
					"count": 1296,
					"stride": 3,
					"offset": 0,
					"dataType": 1
				},
				"normalsAttrDesc": {
					"count": 1296,
					"stride": 3,
					"offset": 5184,
					"dataType": 1
				},
				"uvsAttrDesc": {
					"count": 864,
					"stride": 2,
					"offset": 10368,
					"dataType": 1
				},
				"indicesAttrDesc": {
					"count": 432,
					"stride": 1,
					"offset": 13824,
					"dataType": 0
				},
				"subMeshesAttrDesc": {
					"count": 1,
					"stride": 5,
					"offset": 15552,
					"dataType": 0
				}
			},
			"positions": null,
			"normals": null,
			"uvs": null,
			"hasUVs": true,
			"indices": null
		}
	],
	"multiMaterials": [],
	"lods": []
}