{
	"materials": [],
	"meshes": [
		{
			"name": "Model::2story_long",
			"id": "181a6316-52f3-4615-9099-8303043d8adf",
			"uniqueId": 1309,
			"type": "Mesh",
			"position": [
				-42.97430419921875,
				-30.31714630126953,
				61.16872787475586
			],
			"rotationQuaternion": [
				3.0908619072630584e-8,
				0.7071067811865468,
				0.7071067811865469,
				-3.0908619072630584e-8
			],
			"scaling": [
				0.6999999880790737,
				0.6999999880790737,
				0.699999988079071
			],
			"localMatrix": {
				"0": 1,
				"1": 0,
				"2": 0,
				"3": 0,
				"4": 0,
				"5": 1,
				"6": 0,
				"7": 0,
				"8": 0,
				"9": 0,
				"10": 1,
				"11": 0,
				"12": 0,
				"13": 0,
				"14": 0,
				"15": 1
			},
			"isEnabled": true,
			"isVisible": true,
			"infiniteDistance": false,
			"pickable": true,
			"receiveShadows": false,
			"billboardMode": 0,
			"visibility": 1,
			"checkCollisions": false,
			"isBlocker": false,
			"overrideMaterialSideOrientation": null,
			"parentId": "d88ffee2-3ffe-4e31-84c7-75a14bdeb237",
			"isUnIndexed": false,
			"geometryId": "6a7f7189-39a9-46be-8b1f-ff3111589fc2",
			"subMeshes": null,
			"materialId": "36004068-5b64-4950-bc70-5324e6d8d0b7",
			"metadata": {
				"basePoseMatrix": {
					"0": 1,
					"1": 0,
					"2": 0,
					"3": 0,
					"4": 0,
					"5": 1,
					"6": 0,
					"7": 0,
					"8": 0,
					"9": 0,
					"10": 1,
					"11": 0,
					"12": 0,
					"13": 0,
					"14": 0,
					"15": 1
				},
				"originalSourceFile": {
					"id": "Model::2story_long",
					"name": "Model::2story_long",
					"sceneFileName": "Cybercity/FBX/2story_long.FBX"
				},
				"isPickable": false,
				"script": {
					"name": "None"
				},
				"renderingGroupId": 0
			},
			"instances": [
				{
					"name": "Model::2story_long (Mesh Instance)",
					"id": "fc5a66b9-a418-4bb8-9547-25dd948ee73b",
					"isEnabled": true,
					"isVisible": true,
					"isPickable": true,
					"checkCollisions": false,
					"position": [
						40.884986877441406,
						-30.31714630126953,
						61.16872787475586
					],
					"scaling": [
						0.6999999880790737,
						0.6999999880790737,
						0.699999988079071
					],
					"parentId": "d88ffee2-3ffe-4e31-84c7-75a14bdeb237",
					"rotationQuaternion": [
						3.0908619072630584e-8,
						0.7071067811865468,
						0.7071067811865469,
						-3.0908619072630584e-8
					],
					"metadata": {
						"isPickable": false,
						"script": {
							"name": "None"
						},
						"renderingGroupId": 0
					},
					"animations": [],
					"ranges": []
				},
				{
					"name": "Model::2story_long (Mesh Instance)",
					"id": "a0067175-feca-4ca7-9d37-d4fd755e92ba",
					"isEnabled": true,
					"isVisible": true,
					"isPickable": true,
					"checkCollisions": false,
					"position": [
						40.884986877441406,
						-30.31714630126953,
						-8.379169464111328
					],
					"scaling": [
						0.6999999880790737,
						0.6999999880790737,
						0.699999988079071
					],
					"parentId": "d88ffee2-3ffe-4e31-84c7-75a14bdeb237",
					"rotationQuaternion": [
						3.0908619072630584e-8,
						0.7071067811865468,
						0.7071067811865469,
						-3.0908619072630584e-8
					],
					"metadata": {
						"isPickable": false,
						"script": {
							"name": "None"
						},
						"renderingGroupId": 0
					},
					"animations": [],
					"ranges": []
				},
				{
					"name": "Model::2story_long (Mesh Instance)",
					"id": "c24539c7-8874-4e3f-9107-b0cefdd5d049",
					"isEnabled": true,
					"isVisible": true,
					"isPickable": true,
					"checkCollisions": false,
					"position": [
						40.884986877441406,
						-30.31714630126953,
						-78.07320404052734
					],
					"scaling": [
						0.6999999880790737,
						0.6999999880790737,
						0.699999988079071
					],
					"parentId": "d88ffee2-3ffe-4e31-84c7-75a14bdeb237",
					"rotationQuaternion": [
						3.0908619072630584e-8,
						0.7071067811865468,
						0.7071067811865469,
						-3.0908619072630584e-8
					],
					"metadata": {
						"isPickable": false,
						"script": {
							"name": "None"
						},
						"renderingGroupId": 0
					},
					"animations": [],
					"ranges": []
				},
				{
					"name": "Model::2story_long (Mesh Instance)",
					"id": "b592b2d6-be8c-4b5a-8f14-fe461fc9afba",
					"isEnabled": true,
					"isVisible": true,
					"isPickable": true,
					"checkCollisions": false,
					"position": [
						-42.97430419921875,
						-30.31714630126953,
						-8.693220138549805
					],
					"scaling": [
						0.6999999880790737,
						0.6999999880790737,
						0.699999988079071
					],
					"parentId": "d88ffee2-3ffe-4e31-84c7-75a14bdeb237",
					"rotationQuaternion": [
						3.0908619072630584e-8,
						0.7071067811865468,
						0.7071067811865469,
						-3.0908619072630584e-8
					],
					"metadata": {
						"isPickable": false,
						"script": {
							"name": "None"
						},
						"renderingGroupId": 0
					},
					"animations": [],
					"ranges": []
				},
				{
					"name": "Model::2story_long (Mesh Instance)",
					"id": "5c26ac08-d402-4615-9bf9-f30cc3c9dfdf",
					"isEnabled": true,
					"isVisible": true,
					"isPickable": true,
					"checkCollisions": false,
					"position": [
						-42.97430419921875,
						-30.31714630126953,
						-78.79084014892578
					],
					"scaling": [
						0.6999999880790737,
						0.6999999880790737,
						0.699999988079071
					],
					"parentId": "d88ffee2-3ffe-4e31-84c7-75a14bdeb237",
					"rotationQuaternion": [
						3.0908619072630584e-8,
						0.7071067811865468,
						0.7071067811865469,
						-3.0908619072630584e-8
					],
					"metadata": {
						"isPickable": false,
						"script": {
							"name": "None"
						},
						"renderingGroupId": 0
					},
					"animations": [],
					"ranges": []
				}
			],
			"animations": [],
			"ranges": [],
			"layerMask": 268435455,
			"alphaIndex": 1.7976931348623157e+308,
			"hasVertexAlpha": false,
			"overlayAlpha": 0.3,
			"overlayColor": [
				1,
				0,
				0
			],
			"applyFog": true,
			"delayLoadingFile": "geometries/6a7f7189-39a9-46be-8b1f-ff3111589fc2.babylonbinarymeshdata",
			"boundingBoxMaximum": [
				25,
				25,
				25
			],
			"boundingBoxMinimum": [
				-25,
				-75.0160903930664,
				-25
			],
			"_binaryInfo": {
				"positionsAttrDesc": {
					"count": 1296,
					"stride": 3,
					"offset": 0,
					"dataType": 1
				},
				"normalsAttrDesc": {
					"count": 1296,
					"stride": 3,
					"offset": 5184,
					"dataType": 1
				},
				"uvsAttrDesc": {
					"count": 864,
					"stride": 2,
					"offset": 10368,
					"dataType": 1
				},
				"indicesAttrDesc": {
					"count": 432,
					"stride": 1,
					"offset": 13824,
					"dataType": 0
				},
				"subMeshesAttrDesc": {
					"count": 1,
					"stride": 5,
					"offset": 15552,
					"dataType": 0
				}
			},
			"positions": null,
			"normals": null,
			"uvs": null,
			"hasUVs": true,
			"indices": null
		}
	],
	"multiMaterials": [],
	"lods": []
}